Tittle,Content
valid title,valid content
,valid content
valid title,
A,valid content
valid title,Ab
Discussion,valid content
"Enterprise Automation Testing Framework for Data-Driven Regression Validation, Cross-Platform Functional Verification, Continuous Integration Pipeline Optimization, End-to-End Scenario Execution, Reporting Enhancement, and Quality Assurance Monitoring",valid content
"Enterprise Automation Testing Framework Implementation for Data-Driven Regression Validation, Cross-Platform Functional Verification, Continuous Integration Pipeline Optimization, End-to-End Scenario Execution, Reporting Enhancement, and Quality Assurance Monitoring",valid content
!@\#\$%,valid content
 ,valid content
valid title, 
